,Unnamed: 0,station_id,name,type,forecast_region,latitude,longitude,elevation_meters,geometry,natural_subregion,forest_area
0,1,AC,Adams Creek,LO,ED,53.7254,-118.5683,2177.63,POINT (264702.734833854 5956498.305364526),Alpine,Edson
1,2,AD,ADAIR,LO,OJ,59.160627,-118.329472,394,POINT (309732.8063132892 6560062.553724932),Northern Mixedwood,High Level
2,3,AE,Abee Agrd,MET,LB,54.2773,-112.9654,664,POINT (632417.3237908484 6013877.280879932),Dry Mixedwood,Lac La Biche
3,4,AF,Alder Flats,LO,RM,52.93,-114.9403,960,POINT (504011.3600067233 5862138.586128435),Lower Foothills,Rocky Mountain
4,5,AKM,Akamina Pass,PAW,CR,49.0272,-114.0535,1809,POINT (569163.5691843902 5428737.765222042),Subalpine,Calgary
5,6,AL,Algar,LO,MM,56.1608,-111.7198,751.3,POINT (703604.9138434766 6226328.929742982),Lower Boreal Highlands,Fort McMurray
6,7,ALA,Algar Auto,PAW,MM,56.1608,-111.7198,750,POINT (703604.9138434766 6226328.929742982),Lower Boreal Highlands,Fort McMurray
7,8,AM,AMBER,LO,OJ,59.176464,-119.455868,611,POINT (245535.050881129 6565580.4393642),Lower Boreal Highlands,High Level
8,9,AN,Ansell,LO,ED,53.5513,-116.503,967.7,POINT (400465.8208546649 5932276.809252479),Lower Foothills,Edson
9,10,ANA,Ansell Auto,PAW,ED,53.5513,-116.5031,967.7,POINT (400459.1989332851 5932276.949018272),Lower Foothills,Edson
10,11,AO,Atmore ,MET,LB,54.7802,-112.8248,574,POINT (639836.7442624377 6070072.580038274),Dry Mixedwood,Lac La Biche
11,12,AOA,Atmore Agdm,PAW,LB,54.7802,-112.8248,583,POINT (639836.7442624377 6070072.580038274),Dry Mixedwood,Lac La Biche
12,13,AR,Archer Lake,TAW,PY,58.1299,-110.2536,280,POINT (779285.8202276267 6450427.099928604),Athabasca Plain,Fort McMurray
13,14,AS,Fort Assiniboine Agrd,MET,SH,54.4104,-114.7692,676,POINT (514973.6307535024 6026796.415798133),Central Mixedwood,Whitecourt
14,15,ASA,Fort Assiniboine Auto,PAW,SH,54.4104,-114.7692,676,POINT (514973.6307535024 6026796.415798133),Central Mixedwood,Whitecourt
15,16,AT,Athabasca,LO,ED,53.4085,-117.7863,1581.78,POINT (314875.2278923463 5918961.678500628),Upper Foothills,Edson
16,17,AU,AURORA,LO,RM,52.654945,-115.724642,1330.69,POINT (451002.1493743533 5831798.970154053),Upper Foothills,Rocky Mountain House
17,18,AWA,Antler West Auto,PAW,GP,54.0898,-119.7988,1247,POINT (186358.3892068273 6001763.229250193),Subalpine,Grande Prairie
18,19,B1,Highwood Auto,PAW,BO,50.4147,-114.7264,1576,POINT (519431.1371505122 5582541.564882979),Montane,Calgary
19,20,B2,Willow Creek Auto,PAW,BO,50.239,-114.348,1446,POINT (546476.0927138212 5563180.675849851),Montane,Calgary
20,21,B3,Yaha Tinda Auto,PAW,RM,51.6547,-115.3617,1486,POINT (474988.5544724954 5720406.044610536),Upper Foothills,Rocky Mountain House
21,22,B4,Kananaskis Boundary Auto,PAW,BO,50.9258,-115.124,1464,POINT (491288.5879449007 5639323.40627533),Montane,Calgary
22,23,B5,Peter Lougheed Pp Auto,PAW,BO,50.7136,-115.1192,1622,POINT (491587.7652604874 5615735.594607828),Subalpine,Calgary
23,24,B6,Burnt Timber,PAW,BO,51.58,-114.95,1420,POINT (503463.1708394167 5712040.832828064),Lower Foothills,Calgary
24,25,B7,Elbow Auto,PAW,BO,50.905,-114.6911,1413,POINT (521710.9091876508 5637049.43049253),Montane,Calgary
25,26,B8,North Ghost Auto,PAW,BO,51.5742,-114.8553,1477,POINT (510023.6900511439 5711404.777168726),Upper Foothills,Calgary
26,27,BA,Blackstone Burn,TAW,RM,52.5958,-116.6309,1669,POINT (389578.399833684 5826224.834471478),Subalpine,Rocky Mountain House
27,28,BB,Burnt Timber,LO,BO,51.449,-115.2721,2332,POINT (481099.3026855737 5697511.595104191),Subalpine,Calgary
28,29,BC,Basset,LO,OJ,58.1952,-118.2185,755,POINT (310913.3164891428 6452376.751559704),Lower Boreal Highlands,High Level
29,30,BCA,Basset  Auto,PAW,OJ,58.1952,-118.2185,755,POINT (310913.3164891428 6452376.751559704),Lower Boreal Highlands,High Level
30,31,BD,Bald Mountain,LO,GP,54.813,-118.9164,954.9,POINT (248476.3520911594 6078582.147436691),Lower Foothills,Grande Prairie
31,32,BDA,Bald Mountain Auto,PAW,GP,54.8127,-118.9158,933,POINT (248513.0004932101 6078546.64960504),Lower Foothills,Grande Prairie
32,33,BE,Berland,LO,SH,54.0904,-117.4013,1230.9,POINT (343014.2746596999 5993846.411253813),Upper Foothills,Whitecourt
33,34,BEA,Berland AUTO,PAW,SH,54.0904,-117.4013,1230,POINT (343014.2746596999 5993846.411253813),Upper Foothills,Whitecourt
34,35,BF,BUFFALO,LO,FV,57.954271,-116.204649,801,POINT (428734.2187024088 6421683.614536519),Lower Boreal Highlands,High Level
35,36,BG,Blue Ridge,RS,ED,54.125,-115.3764,731.52,POINT (475411.0253875445 5995094.881936002),Central Mixedwood,Whitecourt
36,37,BH,BLUE HILL,LO,RM,51.70506,-115.224681,1987,POINT (484480.5870674465 5725966.643802345),Subalpine,Rocky Mountain House
37,38,BI,Birch Mountain,LO,MM,57.6946,-111.8261,798,POINT (689084.1330142739 6396579.236206024),Upper Boreal Highlands,Fort McMurray
38,39,BIA,Birch Mountain Auto,PAW,MM,57.6946,-111.8261,798,POINT (689084.1330142739 6396579.236206024),Upper Boreal Highlands,Fort McMurray
39,40,BK,BURNSTICK,LO,BO,51.964,-114.777,1227,POINT (515315.2085463085 5754753.941554678),Lower Foothills,Rocky Mountain House
40,41,BL,BASELINE,LO,RM,52.131453,-115.428769,1907.5,POINT (470662.8820536864 5773434.421645942),Subalpine,Rocky Mountain House
41,42,BM,Bitumont,LO,MM,57.3658,-111.5363,397,POINT (708207.1934813928 6360864.405802968),Central Mixedwood,Fort McMurray
42,43,BN,Buckton,LO,MM,57.8719,-112.102,835,POINT (671809.1947265061 6415562.591110561),Upper Boreal Highlands,Fort McMurray
43,44,BNA,Buckton Auto,PAW,MM,57.9428,-112.3976,646,POINT (653986.2663384459 6422736.594184675),Lower Boreal Highlands,Fort McMurray
44,45,BO,Kananaskis Boundary,RS,BO,50.9267,-115.1236,1453,POINT (491316.8568089812 5639423.40116985),Montane,Calgary
45,46,BP,BARRIER LAKE,LO,BO,51.048111,-115.079931,2020.5,POINT (494399.3186707491 5652915.09811642),Montane,Calgary
46,47,BQ,BLAIRMORE,RS,CR,49.6086,-114.4514,1311,POINT (539618.8652638528 5493060.076179513),Montane,Calgary
47,48,BR,Battle River,LO,MA,57.1677,-117.664,674,POINT (338984.651617146 6336664.527432674),Dry Mixedwood,Peace River
48,49,BRA,Battle River Auto,PAW,MA,57.1677,-117.664,675,POINT (338984.651617146 6336664.527432674),Dry Mixedwood,Peace River
49,50,BRT,Beaver Ranch Taws,TAW,FV,58.4929,-115.6058,300,POINT (464699.4578247012 6481153.014065895),Dry Mixedwood,High Level
50,51,BRY,Bryant,PAW,BO,50.8993,-115.522,1850,POINT (463307.0323750262 5636500.126344489),Subalpine,Calgary
51,52,BS,Bison Lake,LO,RE,57.111,-116.5096,716,POINT (408609.1292455168 6328220.210158628),Lower Boreal Highlands,Peace River
52,53,BSA,Bison Lake Auto,PAW,RE,57.111,-116.5096,716,POINT (408609.1292455168 6328220.210158628),Lower Boreal Highlands,Peace River
53,54,BT,Blackstone,LO,RM,52.7743,-116.3313,1575.6,POINT (410228.851403342 5845654.458098125),Upper Foothills,Rocky Mountain House
54,55,BU,Blue Ridge Lumber,TAW,SH,54.4776,-116.1335,970,POINT (426583.6104341935 6034837.243114206),Lower Foothills,Whitecourt
55,56,BV,Bow Valley,RS,BO,51.0667,-115.0667,1327.4,POINT (495328.2718242626 5654980.53551279),Montane,Calgary
56,57,BVL,Beaverlodge Rcs,MET,GP,55.1966,-119.3964,745,POINT (220353.2117072902 6123038.394857857),Dry Mixedwood,Grande Prairie
57,58,BW,Buller Pb,TAW,BO,50.8448,-115.3129,2275,POINT (477979.6031093603 5630358.990279197),Alpine,Calgary
58,59,BXT,Buffalo Hills Complex,TAW,FV,57.5031,-116.4972,460,POINT (410319.3453367911 6371828.894026259),Dry Mixedwood,High Level
59,60,BY,BALDY,LO,RM,52.531667,-116.12632,2082.1,POINT (423628.7350442254 5818441.227348653),Subalpine,Rocky Mountain House
60,61,BZ,BRAZEAU,LO,RM,53.038621,-115.435822,1101.3,POINT (470789.7007423706 5874304.011845323),Lower Foothills,Rocky Mountain House
61,62,C1,Livingstone Gap Auto,PAW,CR,49.8793,-114.3827,1403,POINT (544332.8537690043 5523182.522114034),Montane,Calgary
62,63,C2,Castle Auto,PAW,CR,49.3936,-114.3408,1352,POINT (547815.1807997896 5469231.39467038),Montane,Calgary
63,64,C3,Poll Haven Auto,PAW,CR,49.0293,-113.5951,1611,POINT (602655.1182817707 5429490.134114316),Montane,Calgary
64,65,C4,Blairmore Ranger Station Auto,PAW,CR,49.6086,-114.4514,1311,POINT (539618.8652638528 5493060.076179513),Montane,Calgary
65,66,C5,Cypress Hills Ipp Auto,PAW,CR,49.6356,-110.3296,1459,POINT (837041.9431180843 5506393.538597105),Montane,Calgary
66,67,CA,Chinchaga,LO,MA,57.1172,-118.3333,881,POINT (298273.5532710315 6332829.013613762),Lower Boreal Highlands,Peace River
67,68,CAA,Chinchaga Auto,PAW,MA,57.1117,-118.3333,880,POINT (298243.6411991389 6332217.438271244),Lower Boreal Highlands,Peace River
68,69,CB,CARBONDALE,LO,CR,49.43146,-114.358908,1807.4,POINT (546465.9707187036 5473427.373364986),Montane,Calgary
69,70,CC,Carrot Creek,LO,ED,53.4462,-115.8667,1055.9,POINT (442460.5294929882 5919888.359484357),Lower Foothills,Edson
70,71,CCA,Carrot Creek Auto,PAW,ED,53.439,-115.85,1056,POINT (443559.6625948529 5919074.361997113),Lower Foothills,Edson
71,72,CD,CODESA,LO,GP,55.6668,-118.0801,743,POINT (306362.8875466428 6170827.396639676),Dry Mixedwood,Grande Prairie
72,73,CE,Cline,LO,RM,52.178,-116.4122,2049.5,POINT (403477.7487333007 5779462.627347171),Subalpine,Rocky Mountain House
73,74,CEB,Chuckegg Creek Fire Base,TAW,OJ,58.48,-117.176,300,POINT (373168.6695188184 6481611.633478764),Dry Mixedwood,High Level
74,75,CEE,Chuckegg East,TAW,OJ,58.276,-116.7715,327,POINT (396143.9311680929 6458219.779332362),Dry Mixedwood,High Level
75,76,CES,Chuckegg South,TAW,OJ,58.1393,-116.9066,337,POINT (387794.4581603793 6443226.161798937),Dry Mixedwood,High Level
76,77,CET,Chuckegg Creek Fire West,TAW,OJ,58.2043,-117.512,388,POINT (352444.4028563519 6451624.153821365),Dry Mixedwood,High Level
77,78,CF,Cambrian,LO,PY,59.2576,-110.8046,331,POINT (739034.8174864739 6573634.760838946),Kazan Uplands,Fort McMurray
78,79,CFA,Cambrian AUTO,PAW,PY,59.2576,-110.8046,325,POINT (739034.8174864739 6573634.760838946),Kazan Uplands,Fort McMurray
79,80,CFT,Cambrian Taws,TAW,PY,58.257,-110.805,331,POINT (745987.3109020407 6462402.860970971),Athabasca Plain,Fort McMurray
80,81,CG,Chungo,TAW,RM,52.685,-116.6934,2250,POINT (385580.1337567673 5836239.421582855),Subalpine,Rocky Mountain House
81,82,CGT,Chungo Pb,TAW,RM,52.6435,-116.6858,1818,POINT (385985.643998712 5831613.479128359),Subalpine,Rocky Mountain House
82,83,CH,Clear Hills,LO,MA,56.5959,-119.406,1074,POINT (229663.847885371 6278579.050234226),Upper Boreal Highlands,Peace River
83,84,CHT,Chin Complex,TAW,OJ,58.5262,-118.2913,338,POINT (308440.6644483296 6489394.623619835),Central Mixedwood,High Level
84,85,CI,Chisholm Fire 63,TAW,LB,54.94,-114,680,POINT (564037.2136720901 6086135.943852177),Central Mixedwood,Lac La Biche
85,86,CK,Conklin,LO,LB,55.6225,-111.1735,677,POINT (740810.11978532 6168240.328332893),Central Mixedwood,Lac La Biche
86,87,CL,Calling Lake,RS,LB,55.2089,-113.195,610,POINT (614809.9579010389 6117075.173917606),Central Mixedwood,Lac La Biche
87,88,CM,Chisholm,LO,LB,54.9411,-114.04,685.59,POINT (561474.1299718269 6086222.42981023),Central Mixedwood,Lac La Biche
88,89,CMA,Chisholm Auto,PAW,LB,54.9411,-114.04,685,POINT (561474.1299718269 6086222.42981023),Central Mixedwood,Lac La Biche
89,90,CP,Cowpar Lake,LO,LB,55.9534,-110.4972,553,POINT (780947.0906172567 6207566.735210997),Central Mixedwood,Lac La Biche
90,91,CPA,COWPAR LAKE AUTO,PAW,LB,55.9534,-110.4972,553,POINT (780947.0906172567 6207566.735210997),Central Mixedwood,Lac La Biche
91,92,CQ,Cold Creek,RS,ED,53.6072,-115.5744,823,POINT (462010.1797747704 5937596.395292633),Lower Foothills,Edson
92,93,CR,CHRISTINA BASIN,LO,LB,55.588619,-111.849524,760,POINT (698454.7551196069 6162333.614420869),Lower Boreal Highlands,Lac La Biche
93,94,CS,Castle,RS,CR,49.3931,-114.3367,1363.98,POINT (548113.0613410937 5469178.436883346),Montane,Calgary
94,95,CT,Copton,LO,GP,54.1821,-119.4201,1859.7,POINT (211736.0180019243 6010403.866525173),Subalpine,Grande Prairie
95,96,CU,Cadotte,LO,RE,56.3035,-116.4302,733,POINT (411540.7778183078 6238280.83885864),Central Mixedwood,Peace River
96,97,CUA,Cadotte Auto,PAW,RE,56.3035,-116.4302,730,POINT (411540.7778183078 6238280.83885864),Central Mixedwood,Peace River
97,98,CW,Clearwater,RS,RM,51.9869,-115.2414,1280,POINT (483429.5667798867 5757303.943056609),Lower Foothills,Rocky Mountain House
98,99,CX,Cleardale Agrd,MET,MA,56.3145,-119.7449,630,POINT (206725.2359403851 6248700.07335363),Dry Mixedwood,Peace River
99,100,CXA,Cleardale AGDM,PAW,MA,56.3203,-119.7479,635,POINT (206584.5144884081 6249357.317332808),Dry Mixedwood,Peace River
100,101,CY,Chipewyan Lakes,LO,RE,56.994,-113.4245,615.06,POINT (595680.4801323891 6315293.633388019),Lower Boreal Highlands,Slave Lake
101,102,CYA,Chipewyan Lakes AUTO,PAW,RE,56.994,-113.424,615,POINT (595710.8421381352 6315294.333821206),Lower Boreal Highlands,Slave Lake
102,103,CZ,Chain Lakes,RS,CR,50.2,-114.2,1371.6,POINT (557072.2822398801 5558948.888823348),Foothills Parkland,Calgary
103,104,DB,Debolt,RS,GP,55.2125,-118.0314,644,POINT (307220.5342697989 6120180.202215515),Dry Mixedwood,Grande Prairie
104,105,DC,DOUCETTE,LO,RE,55.82087,-114.300555,692.11,POINT (543806.4732462068 6183888.956823161),Central Mixedwood,Slave Lake
105,106,DEV,Devona,PAW,ED,53.2024,-118.021,1544,POINT (298316.0490904148 5896686.736135609),Montane,Edson
106,107,DG,Doig,LO,MA,56.9637,-119.5275,1059,POINT (224922.6623929861 6319937.572286964),Upper Boreal Highlands,Peace River
107,108,DGA,Doig Auto,PAW,MA,56.9644,-119.5264,1083,POINT (224994.6012081247 6320010.930349038),Upper Boreal Highlands,Peace River
108,109,DLA,Duck Lake,PAW,LB,54.6825,-113.9415,650,POINT (568215.7188454899 6057550.689993626),Central Mixedwood,Lac La Biche
109,110,DM,Deer Mountain,LO,SH,54.9134,-115.1621,1161.14,POINT (489612.5425480267 6082731.716427928),Upper Foothills,Slave Lake
110,111,DMA,Deer Mountain Auto,PAW,SH,54.9134,-115.1621,1161,POINT (489612.5425480267 6082731.716427928),Upper Foothills,Slave Lake
111,112,DP,Dapp Agrd,MET,LB,54.329,-113.9345,614,POINT (569262.1628175261 6018241.563021586),Dry Mixedwood,Lac La Biche
112,113,DPA,Dapp Auto,PAW,LB,54.329,-113.9345,619,POINT (569262.1628175261 6018241.563021586),Dry Mixedwood,Lac La Biche
113,114,DW,Deadwood,LO,MA,56.6442,-117.3896,648,POINT (353529.7970479561 6277820.770840853),Dry Mixedwood,Peace River
114,115,DWA,Deadwood Agcm,PAW,MA,56.7154,-117.5435,551,POINT (344392.8407591631 6286079.074334957),Dry Mixedwood,Peace River
115,116,E1,Wildhay Auto,PAW,ED,53.8614,-117.5583,1041,POINT (331832.3653293704 5968745.830967005),Lower Foothills,Edson
116,117,E2,Schwartz Creek  Auto,PAW,ED,53.4244,-116.5203,986,POINT (399019.2299988501 5918190.482562613),Lower Foothills,Edson
117,118,E3,Casket Mountain Auto,PAW,ED,53.8053,-119.9061,1614,POINT (177157.4338474327 5970640.175097935),Subalpine,Edson
118,119,E4,Hinton Auto,PAW,ED,53.4003,-117.5791,1031,POINT (328606.0542160405 5917532.25505734),Montane,Edson
119,120,E5,Grande Cache,PAW,ED,53.9165,-118.8666,1250,POINT (246199.806308013 5978766.243377207),Upper Foothills,Edson
120,121,E6,HINTON (ETC),RZ,ED,53.3917,-117.6,1006,POINT (327182.5674574954 5916626.599201524),Montane,Edson
121,122,E7,Entrance Auto,PAW,ED,53.3799,-117.7012,1045,POINT (320407.7151333571 5915564.729586924),Montane,Edson
122,123,EA,Eagle,LO,SH,54.4569,-116.4409,1048.28,POINT (406627.5144782084 6032899.220891363),Lower Foothills,Whitecourt
123,124,EAA,Eagle AUTO,PAW,SH,54.4569,-116.4409,1048,POINT (406627.5144782084 6032899.220891363),Lower Foothills,Whitecourt
124,125,EB,ELBOW ,RS,BO,50.9006,-114.6953,1494,POINT (521417.7330821082 5636559.11248916),Montane,Calgary
125,126,EC,Economy Creek,LO,GP,54.7916,-118.2348,857.6,POINT (292123.6973620906 6073968.409831398),Central Mixedwood,Grande Prairie
126,127,ECA,Economy Creek Auto,PAW,GP,54.7916,-118.2348,857,POINT (292123.6973620906 6073968.409831398),Central Mixedwood,Grande Prairie
127,128,ED,Edra,LO,MM,57.8479,-113.2525,802,POINT (603682.4951354288 6410549.677457292),Upper Boreal Highlands,Fort McMurray
128,129,EDA,Edra Auto,PAW,MM,57.8479,-113.2525,800,POINT (603682.4951354288 6410549.677457292),Upper Boreal Highlands,Fort McMurray
129,130,EH,Enilda,LO,SH,55.3196,-116.1968,716.52,POINT (424084.5283851569 6128556.047132575),Central Mixedwood,Slave Lake
130,131,EHA,ENILDA  AUTO,PAW,SH,55.319,-116.197,717,POINT (424070.6958876012 6128489.526011129),Central Mixedwood,Slave Lake
131,132,EL,Ells River,LO,MM,57.2061,-112.3133,573,POINT (662218.5081704542 6340989.369407967),Central Mixedwood,Fort McMurray
132,133,ELA,ELLS RIVER AUTO,PAW,MM,57.2061,-112.3133,570,POINT (662218.5081704542 6340989.369407967),Central Mixedwood,Fort McMurray
133,134,EM,Emend 05,TAW,MA,56.7419,-118.3523,663,POINT (295075.8407330147 6291154.863108924),Lower Boreal Highlands,Peace River
134,135,ER,Elk River,RS,RM,52.95,-115.65,293.83,POINT (456345.6129679352 5864558.473872573),Lower Foothills,Rocky Mountain House
135,136,EUA,Eureka River AGCM,PAW,MA,56.5094,-118.8444,672,POINT (263560.522066255 6266889.974285291),Dry Mixedwood,Peace River
136,137,F1,Picadelly Auto,PAW,FV,57.6509,-114.5273,367,POINT (528200.9004857384 6387386.167430338),Central Mixedwood,High Level
137,138,F2,Ponderosa Auto,PAW,OJ,59.2115,-117.063,388,POINT (382262.7925175473 6562797.754236644),Northern Mixedwood,High Level
138,139,F3,Lambert Auto,PAW,FV,58.0347,-114.1414,368,POINT (550680.9401443338 6430321.535395396),Central Mixedwood,High Level
139,140,F4,Whitesands Auto,PAW,FV,59.4311,-114.9027,962,POINT (505517.8641599451 6585424.609127697),Boreal Subarctic,High Level
140,141,F5,Bistcho Lake Auto,PAW,OJ,59.912,-118.9631,576,POINT (278537.2552858827 6645584.336386957),Northern Mixedwood,High Level
141,142,F6,Rainbow Lake,TAW,OJ,58.4969,-119.4103,540,POINT (243149.9232336904 6489873.974331703),Lower Boreal Highlands,High Level
142,143,FA,Ft Assiniboine,RS,SH,54.3414,-114.8083,640,POINT (512457.8118406087 6019114.44070619),Central Mixedwood,Whitecourt
143,144,FC,FOX CREEK,RS,SH,54.38,-116.8033,866,POINT (382926.7355122339 6024888.555458977),Central Mixedwood,Whitecourt
144,145,FG,FOGGY MOUNTAIN,LO,FV,58.685961,-114.994718,899,POINT (500306.099161064 6502481.388747738),Boreal Subarctic,High Level
145,146,FK,Fort Mckay,RS,MM,57.0756,-111.5939,235,POINT (706361.228447288 6328421.176758805),Central Mixedwood,Fort McMurray
146,147,FLA,Footner Lake Auto,PAW,OJ,58.6109,-117.16,330,POINT (374569.6501997157 6496145.754007405),Dry Mixedwood,High Level
147,148,FM,Forget-Me-Not,LO,CR,50.755556,-114.688889,2321,POINT (521936.2383040171 5620438.530699086),Subalpine,Calgary
148,149,FNA,Felton Creek Auto,PAW,ED,53.27,-117.204,1226,POINT (353082.2262621065 5902209.831057752),Upper Foothills,Edson
149,150,FO,Fontas,LO,MA,57.7803,-119.5015,1055,POINT (232518.1675294515 6410584.611470747),Upper Boreal Highlands,Peace River
150,151,FOA,Fontas Auto,PAW,MA,57.7803,-119.5015,1050,POINT (232518.1675294515 6410584.611470747),Upper Boreal Highlands,Peace River
151,152,FP,Frying Pan,RZ,GP,54.4669,-118.2225,1007,POINT (291256.6244289327 6037835.222106202),Lower Foothills,Grande Prairie
152,153,FPA,Frying Pan Auto,PAW,GP,54.4651,-118.2203,855,POINT (291389.9228436254 6037628.595389499),Lower Foothills,Grande Prairie
153,154,FR,Frog Lake,RS,LB,53.83,-110.42,177.39,POINT (801220.7253697619 5971948.548461434),Dry Mixedwood,Lac La Biche
154,155,FSA,Fish Creek Auto,PAW,ED,53.492,-117.647,1373,POINT (324473.277618495 5927891.94413473),Upper Foothills,Edson
155,156,FT,Flat Top,LO,SH,55.1457,-114.8153,1038.7,POINT (511767.4178357929 6108575.150806886),Lower Foothills,Slave Lake
156,157,FTA,Flat Top Auto,PAW,SH,55.1457,-114.8153,1038,POINT (511767.4178357929 6108575.150806886),Lower Foothills,Slave Lake
157,158,FV,Fort Vermilion,RS,FV,58.3864,-116.0186,247,POINT (440466.5646000238 6469591.530648262),Dry Mixedwood,High Level
158,159,FX,Fort Vermilion,MET,FV,58.3822,-116.0403,289,POINT (439191.1134512631 6469143.532248338),Dry Mixedwood,High Level
159,160,FY,Forty Mile Pb,TAW,RM,51.8827,-115.7414,1585,POINT (448990.320173391 5745951.443042962),Upper Foothills,Rocky Mountain House
160,161,G1,Kakwa Auto,PAW,GP,54.175,-119.0592,1344,POINT (235214.295094406 6008200.779742052),Subalpine,Grande Prairie
161,162,G2,Mistanusk Auto,PAW,GP,54.5928,-120.0092,1112,POINT (176597.0508049752 6058594.195255087),,Grande Prairie
162,163,GA,Garden River Auto,MET,FV,58.8833,-113.8667,236,POINT (565302.7590297264 6524998.596835143),Central Mixedwood,High Level
163,164,GC,Grande Cache,RS,ED,53.8917,-119.1047,1250,POINT (230419.2939335681 5976889.884730158),Montane,Edson
164,165,GD,Grovedale,RS,GP,54.98,-118.9368,671,POINT (248211.9031460277 6097216.575546045),Dry Mixedwood,Grande Prairie
165,166,GE,Grande,LO,MM,56.3027,-112.2258,559,POINT (671571.5663227122 6240730.055101071),Central Mixedwood,Fort McMurray
166,167,GF,Grave  Flats,LO,ED,52.8879,-116.9918,2076,POINT (366044.5508333748 5859312.69154236),Subalpine,Edson
167,168,GFA,Grave Flats Auto,PAW,ED,52.8879,-116.9918,2076,POINT (366044.5508333748 5859312.69154236),Subalpine,Edson
168,169,GFT,Grave Flats Temp,TAW,ED,52.88,-116.99,2075,POINT (366141.2588448643 5858431.038835439),Subalpine,Edson
169,170,GH,GHOST,RS,BO,51.3161,-114.9353,1372,POINT (504507.2507946704 5682704.443406598),Montane,Calgary
170,171,GL,Gordon Lake,LO,MM,56.6176,-110.4946,515,POINT (776271.4161637335 6281386.94366144),Central Mixedwood,Fort McMurray
171,172,GLA,Gordon Lake Auto,PAW,MM,56.6175,-110.4944,515,POINT (776284.4013873752 6281376.637161892),Central Mixedwood,Fort McMurray
172,173,GM,Goose Mountain,LO,SH,54.7507,-116.0344,1384.67,POINT (433449.1657296731 6065112.966429941),Upper Foothills,Whitecourt
173,174,GMA,Goose Mountain Auto,PAW,SH,54.7506,-116.0332,1385,POINT (433526.2042734048 6065100.706347117),Upper Foothills,Whitecourt
174,175,GR,Goodridge,RZ,LB,54.4876,-111.369,560,POINT (735075.0221161967 6041424.978332984),Central Mixedwood,Lac La Biche
175,176,GT,Gift Lake,LO,RE,55.9012,-115.7573,691.21,POINT (452667.8916577912 6192863.50816143),Central Mixedwood,Slave Lake
176,177,GTA,Gift Lake Auto,PAW,RE,55.9012,-115.76,691,POINT (452499.1422608744 6192865.358514613),Central Mixedwood,Slave Lake
177,178,GV,Gregg River,RZ,ED,53.0212,-117.3705,1800,POINT (341068.9301021062 5874905.143148819),Subalpine,Edson
178,179,HB,Hailstone Butte,LO,BO,50.2088,-114.4576,2370,POINT (538688.0150788276 5559761.542913645),Alpine,Calgary
179,180,HC,Hines Creek,RS,MA,56.2031,-118.6407,671,POINT (274278.0063530337 6232154.795369644),Dry Mixedwood,Peace River
180,181,HCF,Horse Creek Fire,TAW,MM,56.379,-111.4498,369,POINT (719104.5097835887 6251417.803075301),Central Mixedwood,Fort McMurray
181,182,HDA,Hendrickson Creek Cs,PAW,ED,53.8,-118.45,1448,POINT (272903.8745866369 5964404.639621519),Subalpine,Edson
182,183,HH,Hawk Hills,LO,MA,57.6568,-117.4233,730,POINT (355469.0515156573 6390527.319977945),Lower Boreal Highlands,Peace River
183,184,HHA,Hawk Hills Auto,PAW,MA,57.6568,-117.4232,730,POINT (355475.0142153815 6390527.106790269),Lower Boreal Highlands,Peace River
184,185,HI,High Level Airport,MET,OJ,58.6217,-117.1647,338,POINT (374335.5582382819 6497356.189641935),Dry Mixedwood,High Level
185,186,HK,Hotchkiss,LO,MA,57.3339,-118.9593,990.01,POINT (261813.6622202421 6358944.632291352),Upper Boreal Highlands,Peace River
186,187,HKA,Hotchkiss Auto,PAW,MA,57.3339,-118.9593,990,POINT (261813.6622202421 6358944.632291352),Upper Boreal Highlands,Peace River
187,188,HL,Heart Lake,LO,LB,54.915,-111.3397,866.05,POINT (734490.745334067 6089030.320365849),Central Mixedwood,Lac La Biche
188,189,HLA,Heart Lake Auto,PAW,LB,54.915,-111.34,866,POINT (734471.5352397341 6089029.314798751),Central Mixedwood,Lac La Biche
189,190,HM,House Mountain,LO,SH,55.0473,-115.6028,1176.34,POINT (461500.7997447484 6097779.934563912),Upper Foothills,Slave Lake
190,191,HMA,House Mountain Auto,PAW,SH,55.0473,-115.6016,1176,POINT (461577.4395217716 6097779.27432104),Upper Foothills,Slave Lake
191,192,HN,Hinton School,RS,ED,53.4006,-117.5783,1008.46,POINT (328660.4135113556 5917563.6848655),Montane,Edson
192,193,HO,Horse Creek Pb,TAW,SH,54.0243,-117.8439,1136,POINT (313790.4496070608 5987571.008696185),Upper Foothills,Whitecourt
193,194,HP,High Prairie Agrd,MET,SH,55.3958,-116.4795,602,POINT (406333.6557262451 6137376.058427544),Dry Mixedwood,Slave Lake
194,195,HPA,High Prairie Agdm,PAW,SH,55.3958,-116.4795,602,POINT (406333.6557262451 6137376.058427544),Dry Mixedwood,Slave Lake
195,196,HR,Hummingbird,TAW,RM,52.078,-116.002,1700,POINT (431360.1036191728 5767878.326525539),Subalpine,Rocky Mountain House
196,197,HS,Hinton,RS,ED,53.3994,-117.5806,1051.56,POINT (328502.7709420348 5917435.805200752),Montane,Edson
197,198,HT,Hutton Creek,TAW,MA,56.75,-117.216,748,POINT (364549.009178829 6289231.812005149),Dry Mixedwood,Peace River
198,199,HU,Huckleberry,LO,ED,53.988,-118.1862,1431.9,POINT (291202.7639824837 5984490.85288447),Upper Foothills,Edson
199,200,HUA,Huckleberry Auto,PAW,ED,53.981,-118.18,1431,POINT (291573.9629455584 5983694.44163955),Upper Foothills,Edson
200,201,HV,Hunter  Valley,TAW,BO,51.57,-115.25,1730,POINT (482680.3575825241 5710957.546472029),Subalpine,Calgary
201,202,HW,Highwood,RS,CR,50.3862,-114.6252,453.85,POINT (526634.3351961578 5579405.207852537),Montane,Calgary
202,203,HZ,Hotchkiss Fire,TAW,MA,57.265,-119.015,987,POINT (258012.7147453559 6351482.036656983),Upper Boreal Highlands,Peace River
203,204,IM,Imperial,LO,SH,54.4666,-115.5722,1201.97,POINT (462928.2827266491 6033173.328365184),Upper Foothills,Whitecourt
204,205,IMA,Imperial AUTO,PAW,SH,54.4666,-115.5722,1202,POINT (462928.2827266491 6033173.328365184),Upper Foothills,Whitecourt
205,206,IS,IRONSTONE,LO,CR,49.56768,-114.501487,2078.5,POINT (536031.8178921386 5488487.401251849),Subalpine,Calgary
206,207,JCA,Jean Cote AGCM,PAW,RE,55.9129,-117.1198,638,POINT (367559.7677554922 6195935.53271246),Dry Mixedwood,Peace River
207,208,JD,Judy Creek,RS,SH,54.7317,-115.4019,1127.76,POINT (474130.2083594559 6062583.062071007),Upper Foothills,Whitecourt
208,209,JE,Jean Lake,LO,MM,57.4974,-113.8835,745,POINT (566888.989788183 6370755.919558899),Upper Boreal Highlands,Fort McMurray
209,210,JEA,Jean Lake Auto,PAW,MM,57.4974,-113.8835,745,POINT (566888.989788183 6370755.919558899),Upper Boreal Highlands,Fort McMurray
210,211,JF,Jackfish Lake - Pb,TAW,GP,55.5517,-119.6936,904,POINT (204128.7863945485 6163726.110580938),Lower Foothills,Grande Prairie
211,212,JM,Junction Mountain,LO,BO,50.5652,-114.649,2240.5,POINT (524849.0287436681 5599292.596786617),Subalpine,Calgary
212,213,JO,Johnson Lake,LO,MM,57.5749,-110.3288,592,POINT (779132.0392971761 6388443.410644031),Athabasca Plain,Fort McMurray
213,214,JOA,Johnson Lake Auto,PAW,MM,57.5749,-110.3288,590,POINT (779132.0392971761 6388443.410644031),Athabasca Plain,Fort McMurray
214,215,JR,John D'Or,RZ,OJ,58.511,-115.1369,274,POINT (492026.7469747293 6483016.509016308),Dry Mixedwood,High Level
215,216,KA,Kakwa,LO,GP,54.4207,-118.984,1229.8,POINT (241661.4997532764 6035227.319340382),Upper Foothills,Grande Prairie
216,217,KAA,Kakwa Tower Auto,PAW,GP,54.4209,-118.9822,1226,POINT (241779.4165821676 6035242.940194629),Upper Foothills,Grande Prairie
217,218,KB,Kirby Lake,LO,LB,55.3585,-110.6451,690.5,POINT (775882.7046935825 6140864.033752363),Central Mixedwood,Lac La Biche
218,219,KBA,Kirby Lake Auto,PAW,LB,55.3585,-110.645,690,POINT (775889.0353591507 6140864.430398994),Central Mixedwood,Lac La Biche
219,220,KC,Kananaskis Country,RZ,BO,50.7101,-115.1205,1631,POINT (491495.3878564616 5615346.705154524),Subalpine,Calgary
220,221,KD,MOUNT KIDD,LO,BO,50.9121,-115.1695,2141,POINT (488088.5662604736 5637806.902732234),Subalpine,Calgary
221,222,KE,Keg,LO,MA,57.6404,-118.3527,950,POINT (299970.6492386611 6391065.225744382),Lower Boreal Highlands,Peace River
222,223,KEA,Keg Auto,PAW,MA,57.6404,-118.3527,950,POINT (299970.6492386611 6391065.225744382),Lower Boreal Highlands,Peace River
223,224,KG,Keg River,RS,MA,57.7336,-117.6174,396,POINT (344225.8925796273 6399500.429679101),Dry Mixedwood,Peace River
224,225,KI,Kiska,LO,RM,52.2352,-116.1486,2070,POINT (421594.5963536283 5785503.853120279),Subalpine,Rocky Mountain House
225,226,KK,KANANASKIS,LO,BO,50.61275,-115.069447,2128.9,POINT (495088.4466369669 5604521.359789087),Subalpine,Calgary
226,227,KM,Kimiwan,LO,RE,55.9939,-116.6066,770,POINT (399829.0978737308 6204081.87738766),Central Mixedwood,Peace River
227,228,KMA,Kimiwan Auto,PAW,RE,55.994,-116.6066,770,POINT (399829.3565097302 6204093.001016648),Central Mixedwood,Peace River
228,229,KN,KEANE,LO,PY,58.307136,-110.27508,385,POINT (776639.3935960359 6470033.357356662),Athabasca Plain,Fort McMurray
229,230,KO,KINUSO,RS,SH,55.3181,-115.4364,519,POINT (472316.5962733431 6127823.83964344),Central Mixedwood,Slave Lake
230,231,KP,Kootenay Plains,RZ,RM,52.1969,-116.5384,1220,POINT (394897.1954990479 5781739.247688117),Subalpine,Rocky Mountain House
231,232,KY,KEYSTONE,LO,CR,51.3745,-114.7887,1600,POINT (514701.2669578571 5689215.722247932),Lower Foothills,Calgary
232,233,L1,BOVINE CREEK AUTO,PAW,LB,56.1077,-112.5494,518,POINT (652334.7237992894 6218283.082217837),Central Mixedwood,Lac La Biche
233,234,L2,Ground Zero Auto,PAW,LB,55.0053,-110.6079,737,POINT (780712.588974176 6101763.276054821),Central Mixedwood,Lac La Biche
234,235,L3,Dunkirk Auto,PAW,MM,56.7683,-112.4878,479,POINT (653476.9049833058 6291892.148289172),Central Mixedwood,Fort McMurray
235,236,L4,LEGEND AUTO,PAW,MM,57.4511,-112.8792,853,POINT (627208.0990348676 6367038.899294134),Upper Boreal Highlands,Fort McMurray
236,237,L5,Keane Auto,PAW,PY,58.3094,-110.2822,337,POINT (776205.2816052729 6470255.677900472),Athabasca Plain,Fort McMurray
237,238,LA,LAMBERT CREEK,LO,OJ,58.0444,-114.1559,308,POINT (549811.576826542 6431390.199890435),Central Mixedwood,High Level
238,239,LB,BEAVER LAKE,RS,LB,54.7608,-111.8974,565,POINT (699535.2677520253 6070160.046461956),Central Mixedwood,Lac La Biche
239,240,LC,Lacorey,RS,LB,54.4494,-110.7622,579,POINT (774594.2408659301 6039378.081314826),Dry Mixedwood,Lac La Biche
240,241,LE,La Crete,RS,OJ,58.1833,-116.4,328,POINT (417706.9896192724 6447391.524870723),Dry Mixedwood,High Level
241,242,LG,Legend,LO,MM,57.4504,-112.8793,855,POINT (627204.5327719927 6366960.839375215),Upper Boreal Highlands,Fort McMurray
242,243,LGA,Legend Auto,PAW,MM,57.4504,-112.8793,855,POINT (627204.5327719927 6366960.839375215),Upper Boreal Highlands,Fort McMurray
243,244,LH,Lac La Biche Airport,MET,LB,54.76,-112.02,571,POINT (691656.7902461051 6069729.055583697),Dry Mixedwood,Lac La Biche
244,245,LK,Livock,LO,RE,56.4611,-113.1913,650,POINT (611406.1178856138 6256362.593780341),Central Mixedwood,Slave Lake
245,246,LL,LONG LAKE,RZ,LB,54.4164,-112.7329,640,POINT (647049.1217236965 6029805.746961236),Central Mixedwood,Lac La Biche
246,247,LMA,LEISMER AUTO,PAW,LB,55.6897,-111.2847,583,POINT (733415.1652053959 6175329.89182114),Central Mixedwood,Lac La Biche
247,248,LN,LOON RIVER,RZ,RE,57.1333,-115.0667,472,POINT (495964.2307475877 6329692.482989208),Central Mixedwood,Slave Lake
248,249,LO,Lovett,LO,ED,53.0311,-116.662,1476.61,POINT (388591.6375053233 5874670.067639354),Upper Foothills,Edson
249,250,LOA,Lovett Auto,PAW,ED,53.0311,-116.662,1476.61,POINT (388591.6375053233 5874670.067639354),Upper Foothills,Edson
250,251,LRT,Little Rapids,TAW,OJ,58.8775,-116.5308,1841,POINT (411780.025964081 6524809.064733466),Lower Boreal Highlands,High Level
251,252,LS,Livingstone Gap,RS,CR,49.8777,-114.3819,1417.32,POINT (544391.7742101672 5523005.177138687),Montane,Calgary
252,253,LT,Lost Creek Fire,TAW,CR,49.56,-114.47,1583,POINT (538313.6532503336 5487649.464362977),Montane,Calgary
253,254,LV,Livingstone,LO,CR,49.9147,-114.3586,2172.7,POINT (546029.9514352739 5527131.307429737),Subalpine,Calgary
254,255,MB,Mayberne,LO,ED,53.8614,-116.6657,1453.2,POINT (390500.2803022169 5966998.529914187),Upper Foothills,Edson
255,256,MBA,Mayberne Auto,PAW,ED,53.86,-116.658,1453,POINT (391002.7803947799 5966830.99185449),Upper Foothills,Edson
256,257,MC,Mclennan,RS,RE,55.7147,-116.8906,625,POINT (381275.6488552035 6173475.164132572),Dry Mixedwood,Peace River
257,258,MCT,Mcmillan Complex,TAW,RE,55.646,-114.5599,650,POINT (527687.2553019118 6164301.614320785),Lower Foothills,Slave Lake
258,259,MD,Cypress Hills Provincial ,LO,CR,49.667,-110.1678,1200,POINT (848489.2137482665 5510620.301194414),Montane,Calgary
259,260,MF,Mcmurray Fire,TAW,MM,57.3496,-111.5612,336,POINT (706802.3267111423 6358987.094716461),Central Mixedwood,Fort McMurray
260,261,MG,Manning,RS,MA,56.9208,-117.6397,488,POINT (339390.5968017244 6309146.329275439),Dry Mixedwood,Peace River
261,262,MH,MOCKINGBIRD HILL,LO,BO,51.424822,-115.071733,1906.6,POINT (495014.6242859855 5694791.125321725),Subalpine,Calgary
262,263,MHT,Mockingbird Qd,TAW,BO,51.4246,-115.0713,1891,POINT (495044.6933636331 5694766.416799227),Subalpine,Calgary
263,264,MK,Mckay River ,TAW,MM,57.01,-111.55,369,POINT (709388.6056540534 6321260.835069692),Central Mixedwood,Fort McMurray
264,265,MLA,Medicine Lodge Auto,PAW,ED,53.552,-116.968,1138,POINT (369677.0995094092 5933105.096756938),Lower Foothills,Edson
265,266,MM,Ft Mcmurray,MET,MM,56.65,-111.2208,369,POINT (731570.0789776796 6282297.501264466),Central Mixedwood,Fort McMurray
266,267,MN,Meridian,LO,RE,55.553,-114.1774,940,POINT (551872.9228517945 6154175.083590891),Lower Foothills,Slave Lake
267,268,MO,Moberly,LO,ED,53.5329,-118.024,1676.2,POINT (299673.2764528801 5933433.438573272),Subalpine,Edson
268,269,MOA,Moberly Auto,PAW,ED,53.53,-118.018,1674,POINT (300056.9739811603 5933094.203917539),Subalpine,Edson
269,270,MOB,Moberly Taws,TAW,ED,53.5329,-118.024,1675,POINT (299673.2764528801 5933433.438573272),Subalpine,Edson
270,271,MP,Moose Prairie Sbw,TAW,OJ,59.1,-118,0,POINT (328248.9463205066 6552425.217560152),Central Mixedwood,High Level
271,272,MPA,Mountain Park  Auto,PAW,ED,52.911,-117.281,1824,POINT (346679.0465083254 5862459.27850986),Subalpine,Edson
272,273,MQ,Muskwa,LO,RE,56.0815,-114.6548,681,POINT (521475.3945976891 6212717.006595763),Central Mixedwood,Slave Lake
273,274,MQA,Muskwa  Auto,PAW,RE,56.0815,-114.6548,681,POINT (521475.3945976891 6212717.006595763),Central Mixedwood,Slave Lake
274,275,MR,Marten Mountain,LO,SH,55.4709,-114.787,1005,POINT (513459.8598665504 6144755.489085267),Lower Foothills,Slave Lake
275,276,MS,Moose  Mountain,LO,BO,50.9389,-114.8379,2431,POINT (511384.8637742232 5640784.762720993),Alpine,Calgary
276,277,MT,Mountainaire Lodge,RZ,BO,51.7421,-115.2849,1444,POINT (480337.1554214672 5730099.000254608),Upper Foothills,Rocky Mountain House
277,278,MU,Muskeg Mountain,LO,MM,57.1353,-110.8942,615,POINT (748325.9145993897 6337391.634245246),Central Mixedwood,Fort McMurray
278,279,MUA,Muskeg Mountain Auto,PAW,MM,57.1353,-110.8942,610,POINT (748325.9145993897 6337391.634245246),Central Mixedwood,Fort McMurray
279,280,MUT,Muskeg ,TAW,MM,57.1353,-110.8942,615,POINT (748325.9145993897 6337391.634245246),Central Mixedwood,Fort McMurray
280,281,MY,May,LO,LB,55.5623,-112.4049,866,POINT (663589.5077474808 6157958.880782611),Lower Boreal Highlands,Lac La Biche
281,282,MYA,May RAWS,PAW,LB,55.5623,-112.4049,866,POINT (663589.5077474808 6157958.880782611),Lower Boreal Highlands,Lac La Biche
282,283,MZ,Muskeg Fire,TAW,MM,57.0276,-110.7686,300,POINT (756660.28077013 6325885.727217983),Central Mixedwood,Fort McMurray
283,284,NC,Camp 11(Ncfi),RZ,GP,54.5558,-117.8633,877,POINT (314920.300245762 6046712.873554001),Lower Foothills,Grande Prairie
284,285,ND,Nordegg,RS,RM,52.4667,-116.0667,1350,POINT (427564.5054576584 5811156.602506933),Upper Foothills,Rocky Mountain House
285,286,NDA,Nordegg Auto,PAW,RM,52.4667,-116.0833,1362,POINT (426437.2975408145 5811173.375625955),Upper Foothills,Rocky Mountain House
286,287,NE,Mt Nestor-Pb,TAW,BO,50.9,-115.3878,1615,POINT (472740.7328670568 5636519.81296571),Subalpine,Calgary
287,288,NF,Camp 5 (Ncfi),RZ,GP,54.4031,-118.73,1090,POINT (258020.378582063 6032368.429536834),Upper Foothills,Grande Prairie
288,289,NH,Naylor Hills,LO,MA,57.658333,-117.711111,792,POINT (338315.3791652102 6391347.879723579),Lower Boreal Highlands,Peace River
289,290,NL,Narrow Lakes,LO,LB,54.5667,-113.6833,731.52,POINT (585096.0801689889 6044953.11277972),Central Mixedwood,Lac La Biche
290,291,NM,Nose Mountain,LO,GP,54.5635,-119.6316,1487.2,POINT (200742.4191576781 6053664.355621375),Subalpine,Grande Prairie
291,292,NMA,Nose Mountain Auto,PAW,GP,54.5514,-119.5801,1510,POINT (203979.8560933865 6052101.670995858),Subalpine,Grande Prairie
292,293,NO,Notikewin,LO,MA,56.869,-118.599,937,POINT (280746.6135169171 6306051.282428147),Lower Boreal Highlands,Peace River
293,294,NOA,Notikewin Auto,PAW,MA,56.869,-118.599,940,POINT (280746.6135169171 6306051.282428147),Lower Boreal Highlands,Peace River
294,295,NR,Nose Mountain Pb,TAW,GP,54.5532,-119.6317,1471,POINT (200660.4277623039 6052520.379919708),Subalpine,Grande Prairie
295,296,NX,Nordegg,MET,RM,52.48,-116.16,1362,POINT (421252.8207137659 5812732.952452847),Upper Foothills,Rocky Mountain House
296,297,OB,Obed,LO,ED,53.5669,-117.5047,1605.39,POINT (334200.528190428 5935877.886498595),Subalpine,Edson
297,298,OC,O'Chiese,LO,RM,52.775,-115.7236,1112.52,POINT (451206.7439726141 5845147.119957456),Lower Foothills,Rocky Mountain House
298,299,OD,COLD LAKE,MET,LB,54.4166,-110.2833,541,POINT (805848.1907858996 6037709.469565704),Dry Mixedwood,Lac La Biche
299,300,OJ,High Level,RS,OJ,58.6117,-117.1586,338,POINT (374653.7940857321 6496232.148391081),Dry Mixedwood,High Level
300,301,OL,Otter Lakes,LO,RE,56.6974,-115.9231,784,POINT (443492.8833309544 6281568.694264852),Lower Boreal Highlands,Slave Lake
301,302,OLA,OTTER LAKES AUTO,PAW,RE,56.6974,-115.9231,784,POINT (443492.8833309544 6281568.694264852),Lower Boreal Highlands,Slave Lake
302,303,P1,Shell Hamberg,PAW,MA,57.3511,-119.7606,769,POINT (213785.0231408337 6363947.111524587),Lower Boreal Highlands,Peace River
303,304,P2,JACKPINE AUTO,PAW,RE,56.8808,-116.5592,663,POINT (405022.0281670686 6302677.080499508),Lower Boreal Highlands,Peace River
304,305,PA,Panny,LO,RE,57.178,-114.6136,625,POINT (523351.3762043644 6334730.608960613),Lower Boreal Highlands,Slave Lake
305,306,PAA,Panny Auto,PAW,RE,57.178,-114.614,625,POINT (523327.2030877652 6334730.472032227),Lower Boreal Highlands,Slave Lake
306,307,PB,Canyon Creek,TAW,GP,55.6017,-117.583,580,POINT (337336.1188287259 6162311.893244741),Dry Mixedwood,Grande Prairie
307,308,PC,Pony Creek Temp,TAW,LB,55.8233,-111.0165,600,POINT (749400.5165627779 6191115.424753989),Central Mixedwood,Lac La Biche
308,309,PCT,Pony Creek Fire,TAW,LB,55.8407,-111.0004,600,POINT (750296.0227089734 6193107.581294233),Central Mixedwood,Lac La Biche
309,310,PD,Petitot,LO,OJ,59.5226,-119.6076,780,POINT (239545.8795300071 6604638.783446895),Boreal Subarctic,High Level
310,311,PDA,Petitot  Auto,PAW,OJ,59.5226,-119.6076,780,POINT (239545.8795300071 6604638.783446895),Boreal Subarctic,High Level
311,312,PE,Peoria Agrd,MET,GP,55.6212,-118.293,621,POINT (292742.8501984419 6166372.698987421),Dry Mixedwood,Grande Prairie
312,313,PEA,Peoria Agdm,PAW,GP,55.6212,-118.293,621,POINT (292742.8501984419 6166372.698987421),Dry Mixedwood,Grande Prairie
313,314,PG,Pigeon Mountain,LO,BO,51.0458,-115.0667,1828.8,POINT (495326.1683022706 5652657.284435977),Montane,Calgary
314,315,PI,Pimple,LO,RM,54.4958,-115.4639,1103.07,POINT (469966.1752380304 6036369.432657539),Lower Foothills,Whitecourt
315,316,PK,Prairie Creek,RS,RM,52.2552,-115.2891,1173,POINT (480274.1014941268 5787145.557363873),Lower Foothills,Rocky Mountain House
316,317,PL,PORCUPINE,LO,CR,49.886988,-114.005044,1820,POINT (571443.3896789653 5524328.748621683),Montane,Calgary
317,318,PM,Pelican Mountain,LO,LB,55.6167,-113.5583,914.4,POINT (590763.7543581174 6161896.798637301),Lower Foothills,Lac La Biche
318,319,PMT,Pelican,TAW,RE,55.704,-113.57,730,POINT (589827.0617783532 6171592.29026799),Central Mixedwood,Slave Lake
319,320,PN,Pine Ridge,RZ,LB,54.0833,-112.25,585,POINT (679807.6900698473 5993887.43870822),Dry Mixedwood,Lac La Biche
320,321,PO,Ponton,LO,OJ,58.9319,-116.2207,954,POINT (429760.135572492 6530495.994834068),Boreal Subarctic,High Level
321,322,POA,Ponton  Auto,PAW,OJ,58.9319,-116.2207,954,POINT (429760.135572492 6530495.994834068),Boreal Subarctic,High Level
322,323,PP,Paddle Prairie Sbw,TAW,OJ,59.117,-118,0,POINT (328333.9912100105 6554316.224897375),Central Mixedwood,High Level
323,324,PPT,Porcupine Taws,TAW,RM,51.9274,-116.3606,1590,POINT (406482.5770207105 5751535.572173948),Subalpine,Rocky Mountain House
324,325,PQ,Christina Fire 31,TAW,LB,55.643,-111.9488,0,POINT (691937.3454800138 6168100.770715984),Lower Boreal Highlands,Lac La Biche
325,326,PR,PRIMROSE,LO,LB,54.7495,-110.0519,702,POINT (818231.9096403369 6075722.232055249),Central Mixedwood,Lac La Biche
326,327,PS,Pass Creek,LO,SH,54.2289,-116.84,1080.7,POINT (380105.9890184357 6008147.323122402),Lower Foothills,Whitecourt
327,328,PSA,Pass Creek  Auto,PAW,SH,54.2289,-116.84,1080.7,POINT (380105.9890184357 6008147.323122402),Lower Foothills,Whitecourt
328,329,PT,Pinto,LO,GP,54.7806,-119.3959,1044,POINT (217474.4280102588 6076809.567167575),Lower Foothills,Grande Prairie
329,330,PTA,Pinto Env Auto,PAW,GP,54.7806,-119.3961,1046,POINT (217461.5824350873 6076810.373917949),Lower Foothills,Grande Prairie
330,331,PU,Puskwaskau,LO,GP,55.2192,-117.4931,916,POINT (341471.5817655378 6119569.116420771),Central Mixedwood,Grande Prairie
331,332,PUA,Puskwaskau Auto,PAW,GP,55.2191,-117.4933,912,POINT (341458.469489136 6119558.450955982),Central Mixedwood,Grande Prairie
332,333,PX,Hutton Creek Burn,TAW,MA,57,-117,800,POINT (378562.8860573008 6316635.786751122),Dry Mixedwood,Peace River
333,334,PY,Fort Chipewyan,MET,PY,58.7167,-111.1833,213,POINT (720912.9592732616 6512194.417518676),Kazan Uplands,Fort McMurray
334,335,PYA,Fort Chipewyan Auto,PAW,PY,58.7684,-111.1061,231,POINT (725043.736407249 6518199.728438805),Kazan Uplands,Fort McMurray
335,336,PZ,Swf077,TAW,RE,56.9575,-114.7228,715,POINT (516851.7297224586 6310163.134566654),Central Mixedwood,Slave Lake
336,337,QU,Grande Prairie,MET,GP,55.1797,-118.8836,669,POINT (252848.1575602615 6119222.420185702),Peace River Parkland,Grande Prairie
337,338,R1,Clearwater Auto,PAW,RM,51.9874,-115.24,1280,POINT (483525.8503773324 5757359.213908331),Lower Foothills,Rocky Mountain House
338,339,R2,Ram Falls Auto,PAW,RM,52.0877,-115.8442,1641,POINT (442182.1874300815 5768819.350018069),Upper Foothills,Rocky Mountain House
339,340,R3,Elk River Auto,PAW,RM,52.9689,-115.8647,1067,POINT (441951.813165705 5866812.147063904),Lower Foothills,Rocky Mountain House
340,341,R4,Kootenay Plains Auto,PAW,RM,52.0621,-116.4128,1294,POINT (403185.918126334 5766578.553025876),Montane,Rocky Mountain House
341,342,RAT,Ram Mtn Pb,TAW,RM,52.1967,-115.4571,1642,POINT (468770.1433038799 5780700.451036086),Upper Foothills,Rocky Mountain House
342,343,RB,Rainbow Lake,RS,OJ,58.4969,-119.4103,540,POINT (243149.9232336904 6489873.974331703),Lower Boreal Highlands,High Level
343,344,RBA,Rainbow Lake Auto,PAW,OJ,58.4969,-119.4103,540,POINT (243149.9232336904 6489873.974331703),Lower Boreal Highlands,High Level
344,345,RC,Rich Lake Agrd,MET,LB,54.5012,-111.6914,585,POINT (714139.2564945304 6041907.039102979),Dry Mixedwood,Lac La Biche
345,346,RCA,Rich Lake Agdm,PAW,LB,54.5012,-111.6914,616,POINT (714139.2564945304 6041907.039102979),Dry Mixedwood,Lac La Biche
346,347,RCT,Rockslide Creek Fire,TAW,ED,53.5912,-119.2674,1500,POINT (217730.6208133846 5944130.337261919),Subalpine,Edson
347,348,RD,Red Deer,LO,BO,51.658333,-115.211111,1423,POINT (485402.8907632997 5720769.106747797),Upper Foothills,Rocky Mountain House
348,349,RE,Red Earth,LO,RE,56.6606,-115.1139,627.26,POINT (493020.7476545843 6277099.477948911),Central Mixedwood,Slave Lake
349,350,REA,Red Earth Auto,PAW,RE,56.6606,-115.114,627,POINT (493014.620131575 6277099.488129834),Central Mixedwood,Slave Lake
350,351,RH,Round Hill,LO,LB,55.3016,-111.9951,693.7,POINT (690667.4393325475 6130013.886762803),Lower Boreal Highlands,Lac La Biche
351,352,RHA,Round Hill Auto,PAW,LB,55.3016,-111.9951,693,POINT (690667.4393325475 6130013.886762803),Lower Boreal Highlands,Lac La Biche
352,353,RI,Richardson,LO,MM,57.8901,-110.9707,365,POINT (738716.766896643 6421021.562580501),Athabasca Plain,Fort McMurray
353,354,RIA,Richardson  Auto,PAW,MM,57.89,-110.971,365,POINT (738699.6693338682 6421009.386234438),Athabasca Plain,Fort McMurray
354,355,RK,Rock Island Lake,LO,LB,55.3264,-113.4604,722,POINT (597641.6221180226 6129739.435122179),Central Mixedwood,Lac La Biche
355,356,RKA,Rock Island Lake Auto,PAW,LB,55.3264,-113.4604,722,POINT (597641.6221180226 6129739.435122179),Central Mixedwood,Lac La Biche
356,357,RL,Rocky Lane Agcm,MET,FV,58.4518,-116.4806,301,POINT (413626.8897381782 6477370.74084536),Dry Mixedwood,High Level
357,358,RLA,Rocky Lane Agrd,PAW,FV,58.4518,-116.4806,301,POINT (413626.8897381782 6477370.74084536),Dry Mixedwood,High Level
358,359,RM,Rocky Mountain House,MET,RM,52.4297,-114.9033,1015,POINT (506572.1263019423 5806512.353859345),Dry Mixedwood,Rocky Mountain House
359,360,RO,ROBB,RS,ED,53.2406,-116.9681,1097,POINT (368715.3556847452 5898482.0331564),Lower Foothills,Edson
360,361,RR,Raspberry Ridge,LO,BO,50.2997,-114.6389,2360.1,POINT (525707.4264938694 5569786.238907759),Alpine,Calgary
361,362,RT,RAINBOW,LO,OJ,58.3468,-119.709908,601,POINT (224547.7104495525 6474379.37578854),Lower Boreal Highlands,High Level
362,363,RV,Red Deer Creek,TAW,GP,54.6527,-120,1321,POINT (177665.1934166005 6065205.973015226),Upper Foothills,Grande Prairie
363,364,RX,Red Earth,RS,RE,56.5378,-115.2694,556,POINT (483438.8312908699 6263462.994721099),Central Mixedwood,Slave Lake
364,365,RY,ROCKY,LO,RM,52.522325,-114.87742,1106,POINT (508313.5613836962 5816813.744596916),Lower Foothills,Rocky Mountain House
365,366,S1,Salteaux Auto,PAW,SH,54.9161,-114.7814,736,POINT (514007.0658114668 6083041.887128695),Central Mixedwood,Slave Lake
366,367,S2,MARTEN HILLS AUTO,PAW,SH,55.5264,-114.5569,1000,POINT (527960.874091891 6150998.030568734),Lower Foothills,Slave Lake
367,368,S3,Doucette Auto,PAW,RE,55.8208,-114.2994,692,POINT (543878.8887331284 6183881.900753963),Central Mixedwood,Slave Lake
368,369,S4,Kinuso,PAW,SH,55.3031,-115.4917,611,POINT (468796.8481019177 6126178.622803167),Central Mixedwood,Slave Lake
369,370,S5,Loon River,PAW,RE,57.1443,-115.0798,455,POINT (495173.0305779813 6330917.339607318),Central Mixedwood,Slave Lake
370,371,S6,Wabasca Auto,PAW,RE,55.9627,-113.8254,555,POINT (573296.5183408904 6200069.075164082),Central Mixedwood,Slave Lake
371,372,S7,Chip Alpac,PAW,RE,56.5276,-113.4688,573,POINT (594150.4572840956 6263345.151408287),Central Mixedwood,Slave Lake
372,373,SA,Saddle Hills,LO,GP,55.6234,-119.7169,967,POINT (203203.5114148085 6171792.213864877),Lower Foothills,Grande Prairie
373,374,SAA,Saddle Hills Auto,PAW,GP,55.623,-119.7165,963,POINT (203225.633114377 6171746.057752895),Lower Foothills,Grande Prairie
374,375,SAV,Savanna AGCM,MET,GP,56.0761,-119.3449,703,POINT (229756.7732020412 6220571.647103596),Dry Mixedwood,Grande Prairie
375,376,SB,Stony Complex,TAW,MM,56.4195,-111.3675,531,POINT (723943.0587913668 6256185.645896088),Central Mixedwood,Fort McMurray
376,377,SC,Sneddon Creek,RZ,GP,56.2,-119.402,648,POINT (227088.0768374799 6234565.936566151),Dry Mixedwood,Grande Prairie
377,378,SCT,Sheep Creek,TAW,ED,53.8533,-119.6566,1300,POINT (193914.9832010939 5974865.51248289),Subalpine,Edson
378,379,SD,Swan Dive,LO,SH,54.7284,-115.3557,1241,POINT (477102.1695804876 6062199.954610944),Upper Foothills,Whitecourt
379,380,SDA,Swan Dive AUTO,PAW,SH,54.7283,-115.3556,1241,POINT (477108.5505918139 6062188.79911226),Upper Foothills,Whitecourt
380,381,SE,South Wapiti,RS,GP,54.9333,-119.2033,762,POINT (230865.0728376748 6093019.390801369),Central Mixedwood,Grande Prairie
381,382,SG,Sugarloaf,LO,CR,49.9493,-114.539,2516,POINT (533059.9575530236 5530881.395571749),Alpine,Calgary
382,383,SI,Simonette,LO,ED,54.2336,-118.4145,1379.4,POINT (277566.7746715246 6012488.440386282),Upper Foothills,Edson
383,384,SIA,Simonette Auto,PAW,ED,54.229,-118.406,1431,POINT (278095.5969742654 6011950.349897956),Upper Foothills,Edson
384,385,SIP,Siphon Creek,TAW,MA,56.6242,-119.9409,900,POINT (197101.6892193476 6283960.874806489),Lower Boreal Highlands,Peace River
385,386,SJ,Spirit River,RS,GP,55.7742,-118.8372,640,POINT (259451.1681274527 6185139.918767933),Peace River Parkland,Grande Prairie
386,387,SK,Smoky,LO,GP,54.4047,-118.2964,1200.8,POINT (286147.3506113107 6031142.56330382),Upper Foothills,Grande Prairie
387,388,SL,Smoky Lake Agrd,MET,LB,54.2775,-112.4992,680,POINT (662752.5495438399 6014874.79434436),Central Mixedwood,Lac La Biche
388,389,SLA,Smoky Lake AGDM,PAW,LB,54.2648,-112.5041,675,POINT (662483.6877874521 6013451.419577113),Central Mixedwood,Lac La Biche
389,390,SM,Fort Smith,MET,PY,60.0166,-111.9666,205,POINT (669004.0585550483 6654473.939339943),,Fort McMurray
390,391,SN,Snuff Mountain,LO,GP,54.6783,-117.5387,942.8,POINT (336389.5850738441 6059527.607169639),Lower Foothills,Grande Prairie
391,392,SNA,Snuff Mountain Auto,PAW,GP,54.6783,-117.5387,942,POINT (336389.5850738441 6059527.607169639),Lower Foothills,Grande Prairie
392,393,SO,Shining Bank,RZ,ED,53.8064,-115.9389,899,POINT (438195.9037836006 5960004.919501492),Lower Foothills,Edson
393,394,SP,Salt Prairie,LO,RE,55.6608,-115.8323,762.57,POINT (447659.1680708983 6166174.186871849),Central Mixedwood,Slave Lake
394,395,SPA,SALT PRAIRIE AUTO,PAW,RE,55.6608,-115.8323,762,POINT (447659.1680708983 6166174.186871849),Central Mixedwood,Slave Lake
395,396,SQ,Sandy Lake,LO,RE,55.8215,-113.6663,631.51,POINT (583526.7115507808 6184542.141113652),Central Mixedwood,Slave Lake
396,397,SQA,Sandy Lake Auto,PAW,RE,55.8215,-113.67,631,POINT (583295.0040010554 6184537.684450755),Central Mixedwood,Slave Lake
397,398,SR,Sand River,LO,LB,54.6469,-110.9817,755.71,POINT (759123.1675023464 6060492.830042329),Central Mixedwood,Lac La Biche
398,399,SRA,Sand River Auto,PAW,LB,54.6469,-110.9817,755,POINT (759123.1675023464 6060492.830042329),Central Mixedwood,Lac La Biche
399,400,SS,STEEN RIVER,RZ,OJ,59.565,-117.1123,304,POINT (380698.4512190958 6602222.015974288),Northern Mixedwood,High Level
400,401,ST,Stony Mountain,LO,MM,56.3897,-111.2806,762.35,POINT (729476.9249201538 6253159.39827733),Lower Boreal Highlands,Fort McMurray
401,402,SU,Sundre,RS,RM,51.7978,-114.6386,1097,POINT (524911.9214655588 5736314.744419244),Dry Mixedwood,Rocky Mountain
402,403,SV,Steen,LO,OJ,59.6345,-117.7886,705,POINT (342839.1372975683 6611362.944192741),Boreal Subarctic,High Level
403,404,SVA,Steen River Auto,PAW,OJ,59.6345,-117.7886,705,POINT (342839.1372975683 6611362.944192741),Boreal Subarctic,High Level
404,405,SW,Sweathouse,LO,SH,54.8989,-116.7519,892,POINT (387702.7962163108 6082511.599800648),Lower Foothills,Slave Lake
405,406,SWA,Sweathouse Auto,PAW,SH,54.8989,-116.7519,892,POINT (387702.7962163108 6082511.599800648),Lower Foothills,Slave Lake
406,407,SWG,Sweetgrass,PAW,PY,58.8529,-111.9972,210,POINT (673146.8633863652 6524946.522330631),Peace-Athabasca Delta,Fort McMurray
407,408,SY,Smith,RS,LB,55.1597,-114.0311,610,POINT (561706.9727061369 6110545.148435963),Central Mixedwood,Lac La Biche
408,409,TA,Talbot Fire ,TAW,RE,57.2,-117.3,800,POINT (361101.270723869 6339456.36648414),Dry Mixedwood,Peace River
409,410,TET, Tershisner,TAW,RM,52.3367,-116.3573,1382,POINT (407560.4983546382 5797034.520149739),Montane,Rocky Mountain House
410,411,TG,Tompkins Landing Agrd,MET,FV,58.0208,-116.848,343,POINT (390881.5156278265 6429945.333514736),Dry Mixedwood,High Level
411,412,TGA,Tompkins Landing Agcm,PAW,FV,58.0208,-116.848,343,POINT (390881.5156278265 6429945.333514736),Dry Mixedwood,High Level
412,413,TH,Tomahawk Agrd,MET,ED,53.4333,-114.7167,814,POINT (518813.9274105505 5918141.565002339),Dry Mixedwood,Edson
413,414,THA,Tomahawk Agdm,PAW,SH,53.4333,-114.7167,814,POINT (518813.9274105505 5918141.565002339),Dry Mixedwood,Whitecourt
414,415,TK,TOMPKINS,LO,RE,57.874276,-116.820759,392,POINT (392050.5240821199 6413598.928601834),Dry Mixedwood,High Level
415,416,TM,Trout Mountain,LO,RE,56.7958,-114.4156,795.79,POINT (535680.7411199433 6292289.091672647),Lower Boreal Highlands,Slave Lake
416,417,TMA,Trout Moutain Auto,PAW,RE,56.796,-114.42,796,POINT (535411.912810697 6292309.060531487),Lower Boreal Highlands,Slave Lake
417,418,TN,Tomkins Landing Taws,TAW,FV,58.0346,-116.7372,330,POINT (397462.4985528721 6431307.153218443),Dry Mixedwood,High Level
418,419,TO,TOM HILL,LO,ED,53.929692,-116.331122,1289.05,POINT (412635.9787224099 5974128.323255008),Upper Foothills,Edson
419,420,TP,Teepee Lake,LO,RE,56.4582,-114.1184,782,POINT (554308.5956132038 6254922.332277074),Lower Boreal Highlands,Slave Lake
420,421,TPA,TEEPEE LAKE AUTO,PAW,RE,56.4582,-114.1184,782,POINT (554308.5956132038 6254922.332277074),Lower Boreal Highlands,Slave Lake
421,422,TR,Torrens,LO,GP,54.3111,-119.6837,1814.7,POINT (195509.6157985321 6025845.117398233),Subalpine,Grande Prairie
422,423,TT,Talbot Lake,LO,RE,57.3487,-115.6564,822,POINT (460514.9508630036 6353849.60243569),Upper Boreal Highlands,Slave Lake
423,424,TTA,TALBOT LAKE AUTO,PAW,RE,57.3487,-115.6564,822,POINT (460514.9508630036 6353849.60243569),Upper Boreal Highlands,Slave Lake
424,425,TV,Turner Valley,RS,CR,50.675,-114.275,1219.2,POINT (551206.767046087 5611688.92173046),Foothills Parkland,Calgary
425,426,TW,THICKWOOD HILLS,LO,MM,56.7917,-111.8078,535,POINT (694883.1459097618 6296224.802344592),Central Mixedwood,Fort McMurray
426,427,TY,Tony,LO,SH,54.4053,-117.4915,1006.9,POINT (338354.9519997912 6029063.287396871),Lower Foothills,Whitecourt
427,428,TYA,Tony Auto,PAW,SH,54.4054,-117.4915,1007,POINT (338355.3454142987 6029074.40635812),Lower Foothills,Whitecourt
428,429,US,Upper Sask Pb,TAW,RM,52.0115,-116.5273,1631,POINT (395221.8345966768 5761112.175761436),Subalpine,Rocky Mountain House
429,430,UT,Utikuma Fire,TAW,RE,55.9792,-115.2682,600,POINT (483270.6894302565 6201314.561433221),Central Mixedwood,Slave Lake
430,431,VG,Vega,LO,SH,54.4284,-114.4295,713.15,POINT (536995.9983399134 6028923.735500555),Dry Mixedwood,Whitecourt
431,432,VGA,VEGA  AUTO,PAW,SH,54.4284,-114.4295,713,POINT (536995.9983399134 6028923.735500555),Dry Mixedwood,Whitecourt
432,433,VV,Valleyview,RS,GP,55.0667,-117.2764,701,POINT (354695.011465039 6102138.860931992),Central Mixedwood,Grande Prairie
433,434,VVA,Valleyview Auto,PAW,GP,55.0978,-117.1987,694,POINT (359762.712598287 6105438.579937718),Dry Mixedwood,Grande Prairie
434,435,VW,Valleyview2,RS,GP,55.3467,-117.1281,700,POINT (365109.8482857252 6132979.704650827),Dry Mixedwood,Grande Prairie
435,436,VY,Valleyview Agrc,MET,GP,55.0978,-117.1987,694,POINT (359762.712598287 6105438.579937718),Dry Mixedwood,Grande Prairie
436,437,W1,Freeman Auto,PAW,SH,54.5691,-115.3822,821,POINT (475299.8641162694 6044490.43374527),Lower Foothills,Whitecourt
437,438,W2,Eta Lake Auto,PAW,ED,53.1834,-115.6887,927,POINT (453995.903519876 5890535.917579941),Lower Foothills,Edson
438,439,W3,Meekwap Auto,PAW,SH,54.6249,-116.6597,836,POINT (392891.0968070294 6051894.841139096),Central Mixedwood,Whitecourt
439,440,W4,Windfall Auto,PAW,SH,54.1919,-116.2422,830,POINT (418983.7404303661 6003182.260294334),Lower Foothills,Whitecourt
440,441,W5,Fox Creek Auto,PAW,SH,54.3974,-116.8025,850,POINT (383028.1730057419 6026822.202223177),Central Mixedwood,Whitecourt
441,442,W6,Timeu Creek Auto,PAW,SH,54.66,-114.6002,730,POINT (525780.0332672908 6054607.244715106),Central Mixedwood,Whitecourt
442,443,W7,Berland Hills Auto,PAW,SH,54.1466,-117.8901,1170,POINT (311322.1316656577 6001290.08897913),Upper Foothills,Whitecourt
443,444,WB,Wabasca,RS,RE,55.9844,-113.8861,555,POINT (569470.0442145207 6202420.388922899),Central Mixedwood,Slave Lake
444,445,WBM,Beaverlodge Cs,PAW,GP,55.1966,-119.3964,745,POINT (220353.2117072902 6123038.394857857),Dry Mixedwood,Grande Prairie
445,446,WC,Whitecourt,LO,SH,54.0325,-115.7208,1172,POINT (452807.9761132547 5984982.081471175),Lower Foothills,Whitecourt
446,447,WCA,Whitecourt  Auto,PAW,SH,54.0325,-115.7208,1172,POINT (452807.9761132547 5984982.081471175),Lower Foothills,Whitecourt
447,448,WD,Whitemud,LO,MA,56.4223,-118.0022,835,POINT (314913.1727726744 6254621.286198168),Lower Boreal Highlands,Peace River
448,449,WDA,Whitemud Auto,PAW,MA,56.4223,-118.0022,835,POINT (314913.1727726744 6254621.286198168),Lower Boreal Highlands,Peace River
449,450,WF,Whitefish,LO,RE,56.1834,-115.4729,705.34,POINT (470657.9565788618 6224100.827400721),Central Mixedwood,Slave Lake
450,451,WFA,WHITEFISH AUTO,PAW,RE,56.1834,-115.4729,705,POINT (470657.9565788618 6224100.827400721),Central Mixedwood,Slave Lake
451,452,WH,Whitecourt Airport,MET,SH,54.0836,-115.7856,741,POINT (448628.5770931304 5990710.247362812),Lower Foothills,Whitecourt
452,453,WI,Winefred,LO,LB,55.3374,-110.3075,726,POINT (797411.5840497829 6139910.709605488),Central Mixedwood,Lac La Biche
453,454,WIA,Wapiabi,TAW,RM,52.472,-116.4412,1633,POINT (402146.6062024503 5812187.256363973),Subalpine,Rocky Mountain House
454,455,WL,Willow Creek,RS,CR,50.2417,-114.3389,1478.28,POINT (547122.0950648937 5563486.477096994),Montane,Calgary
455,456,WM,White Mountain,LO,GP,55.6941,-119.239,1021,POINT (233733.6972855149 6177707.209476713),Lower Foothills,Grande Prairie
456,457,WMA,White Mountain Auto,PAW,GP,55.7131,-119.2498,912,POINT (233185.3950525813 6179860.343370347),Lower Foothills,Grande Prairie
457,458,WO,Wolf,LO,RM,52.0611,-115.9389,1219.2,POINT (435658.2513816346 5765941.693421612),Subalpine,Rocky Mountain House
458,459,WP,Winston Churchill Park,RZ,LB,54.773,-111.8924,553,POINT (699796.5759001437 6071530.629865768),Central Mixedwood,Lac La Biche
459,460,WPA,Hendrickson Creek,MET,ED,53.8,-118.45,1448,POINT (272903.8745866369 5964404.639621519),Subalpine,Edson
460,461,WR,Wandering River,RS,LB,55.2006,-112.5017,579,POINT (658933.1100648361 6117512.603588577),Central Mixedwood,Lac La Biche
461,462,WRA,Wandering River Auto,PAW,LB,55.2855,-112.4789,579,POINT (660041.7228454417 6127005.784478229),Central Mixedwood,Lac La Biche
462,463,WS,Whistler,LO,CR,49.334722,-114.305556,2163,POINT (550431.7742604457 5462711.411185563),Subalpine,Calgary
463,464,WT,WATT MOUNTAIN,LO,OJ,58.646858,-117.506501,793,POINT (354603.4541016094 6500845.783179961),Lower Boreal Highlands,High Level
464,465,WTT,Watt Mountain Temp,TAW,OJ,58.6469,-117.5065,793,POINT (354603.6867639477 6500850.453556192),Lower Boreal Highlands,High Level
465,466,WU,Wadlin,LO,FV,57.7771,-115.4556,848,POINT (472913.6712153965 6401422.972430523),Upper Boreal Highlands,High Level
466,467,WUA,Wadlin Auto,PAW,FV,57.7771,-113.8254,848,POINT (569830.5223880931 6401937.440169558),Central Mixedwood,Fort McMurray
467,468,WW,Willmore Wilderness,TAW,ED,53.6013,-119.5559,1414,POINT (198731.1544326259 5946436.658264933),Subalpine,Edson
468,469,WY,WORSLEY,RS,MA,56.5078,-119.1253,647,POINT (246285.1281003509 6267715.14506122),Dry Mixedwood,Peace River
469,470,WYA,Worsley AGCM,PAW,MA,56.3709,-119.1829,660,POINT (241817.7435353503 6252713.786558677),Dry Mixedwood,Peace River
470,471,WZ,WHITESANDS,LO,OJ,59.4324,-114.9025,962,POINT (505528.9940903172 6585569.333117777),Boreal Subarctic,High Level
471,472,XA,Bow Valley Auto,MET,BO,51.0833,-115.0667,1326,POINT (495329.9430113822 5656825.803085239),Montane,Calgary
472,473,XAA,Bow Valley Auto,PAW,BO,51.0833,-115.0667,1326,POINT (495329.9430113822 5656825.803085239),Montane,Calgary
473,474,XL,Cross Lake,RZ,RE,54.591,-113.7915,671,POINT (578057.1922529057 6047530.154135916),Central Mixedwood,Lac La Biche
474,475,XP,Stony Plain Ec,MET,SH,53.5472,-114.1083,814,POINT (559058.6441122968 5931140.285670522),Dry Mixedwood,Whitecourt
475,476,XSA,Savanna Agcm,PAW,GP,56.0761,-119.3449,703,POINT (229756.7732020412 6220571.647103596),Dry Mixedwood,Grande Prairie
476,477,YA,Yates,LO,OJ,59.8959,-116.3472,305,POINT (424653.969211005 6637927.292317323),Northern Mixedwood,High Level
477,478,YAA,Yates Auto,PAW,OJ,59.8959,-116.3472,305,POINT (424653.969211005 6637927.292317323),Northern Mixedwood,High Level
478,479,YH,Yellowhead,LO,ED,53.2364,-117.1414,1477.2,POINT (357142.6309503503 5898347.31725389),Upper Foothills,Edson
479,480,YHT,Yh Temp,TAW,ED,53.2263,-117.1414,1477,POINT (357108.9961361752 5897224.403117389),Upper Foothills,Edson
480,481,ZA,ZAMA,LO,OJ,58.595044,-119.165028,653,POINT (258100.2038852356 6499871.698388437),Lower Boreal Highlands,High Level
481,482,ZC,Zama City - Hwf106,TAW,OJ,59.1577,-118.6953,395,POINT (288822.1093401816 6560838.142329803),Northern Mixedwood,High Level
482,483,ZH,SLAVE LAKE,MET,SH,55.2933,-114.7783,581,POINT (514072.539587745 6125000.771748132),Central Mixedwood,Slave Lake
483,484,ZLH,Lac La Biche Auto,PAW,LB,54.7667,-112.0167,597,POINT (691837.2553799065 6070482.985883507),Dry Mixedwood,Lac La Biche
484,485,ZPK,Pekisko Cs,PAW,BO,50.3666,-114.4167,1341,POINT (541467.9327578552 5577322.176445794),Montane,Calgary
485,486,ZU,Whitecourt,RZ,SH,54.0836,-115.7856,741,POINT (448628.5770931304 5990710.247362812),Lower Foothills,Whitecourt
